Workbook

Sheet Team Rubric
A1: BMCS2063 Data Structures and Algorithms - Assignment Rubrics 202505 | F1: Team marks: | G1: =sum(G8:G10) -> 0
A3: Team members: | B3: =IFERROR(__xludf.DUMMYFUNCTION("JOIN("","", Student1!E3,Student2!E3,Student3!E3,Student4!E3,Student5!E3)"),",,,,") -> ,,,,
A4: Tutor name: | E4: Programme/Group:
A6: Assessment Criteria | B6: Developing 1 - 4 Marks | C6: Approaching 5 - 7 Marks | D6: Ideal 8 - 10 Marks | E6: Marks Awarded | F6: Weightage | G6: Weighted Marks
A8: ADT specification | B8: Includes 2 or more of the the items listed under "Approaching". | C8: • Incomplete information OR • Unclear/inaccurate descriptions OR • Includes details of the ADT implementation or entity objects. | D8: • Correct format AND • Complete information AND • Clear & accurate descriptions. | F8: 1 | G8: =E8*F8 -> 0
A9: Collection ADT Implementation | B9: Includes 2 or more of the the items listed under "Approaching". | C9: • Inconsistent with ADT spec. OR • Implementation is not generic OR • Coding is not efficient or elegant. | D9: • Consistent with ADT spec. AND • Correct use of generic types AND • Efficient & elegant coding. | F9: 1 | G9: =E9*F9 -> 0
A10: Collection ADT implementation - originality | B10: Does not demonstrate any originality of implementation & application of new knowledge. | C10: • The ADT has not been covered in the course OR • Includes additional/modified operations that are non-trivial and meaningful. | D10: • The ADT is not covered in the course OR • The implementation approach is different from the sample code. | F10: 1.5 | G10: =E10*F10 -> 0
A11: Comments:

Sheet Student1
A1: ='Team Rubric'!A1 -> BMCS2063 Data Structures and Algorithms - Assignment Rubrics 202505 | F1: Total Mark | G1: =G14+G15 -> 0
D3: Student's name:
A4: Tutor name: | B4: ='Team Rubric'!$B$4 | D4: Programme/Group: | E4: ='Team Rubric'!F4
A6: Assessment Criteria | B6: Developing 1 - 4 Marks | C6: Approaching 5 - 7 Marks | D6: Ideal 8 - 10 Marks | E6: Marks Awarded | F6: Weightage | G6: Weighted Marks
A8: ADT specification | B8: Includes 2 or more of the the items listed under "Approaching". | C8: • Incomplete information OR • Unclear/inaccurate descriptions OR • Includes details of the ADT implementation or entity objects. | D8: • Correct format AND • Complete information AND • Clear & accurate descriptions. | E8: ='Team Rubric'!$E$8 | F8: 1 | G8: =E8*F8 -> 0
A9: Collection ADT Implementation | B9: Includes 2 or more of the the items listed under "Approaching". | C9: • Inconsistent with ADT spec. OR • Implementation is not generic OR • Coding is not efficient or elegant. | D9: • Consistent with ADT spec. AND • Correct use of generic types AND • Efficient & elegant coding. | E9: ='Team Rubric'!$E$9 | F9: 1 | G9: =E9*F9 -> 0
A10: Collection ADT implementation - originality | B10: Does not demonstrate any originality of implementation & application of new knowledge. | C10: • The ADT has not been covered in the course OR • Includes additional/modified operations that are non-trivial and meaningful. | D10: • The ADT is not covered in the course OR • The implementation approach is different from the sample code. | E10: ='Team Rubric'!$E$10 | F10: 1.5 | G10: =E10*F10 -> 0
A11: Use of ADTs - either in entity and/or control class(es) | B11: • Inappropriate selection of ADT AND • Inappropriate use of ADT. | C11: • Appropriate selection of ADT OR • Appropriate use of ADT. | D11: • Appropriate selection of ADT AND • Appropriate use of ADT. | F11: 1.5 | G11: =E11*F11 -> 0
A12: Use of ADTs - creativity & complexity | B12: The functionalities/features in the entity and/or control classes do not demonstrate any use of ADTs. | C12: The functionalities/features in the entity and/or control classes are creatively designed to demonstrate the use of the ADT. | D12: The functionalities/features in the entity and/or control classes are very creatively designed to demonstrate the use of the ADT. | F12: 2 | G12: =E12*F12 -> 0
A13: Overall solution | B13: • There is one or more major bugs AND • Inappropriate use of packages. | C13: • No major bugs BUT • Inappropriate use of packages. | D13: • No major bugs AND • Appropriate use of packages AND • The code is integrated with the team's NetBeans project. | F13: 1.5 | G13: =E13*F13 -> 0
A14: CLO2 Produce a software program using appropriate data structures and algorithms (P4, PLO3) | F14: Subtotal | G14: =sum(G8:G13) -> 0
A15: Oral explanation on the implementation & use of ADTs. | B15: • Unclear explanation about ADT implementation AND • Unclear explanation on the use of ADTs | C15: • Unclear explanation about ADT implementation OR • Unclear explanation on the use of ADTs | D15: • Clear explanation about ADT implementation AND • Clear explanation on the use of ADTs | F15: 1.5 | G15: =E15*F15 -> 0
A16: CLO3 Explain the implementation and appropriateness of data structures for a specific scenario (A4, PLO5).
A18: Comments:

Sheet Student2
A1: ='Team Rubric'!A1 -> BMCS2063 Data Structures and Algorithms - Assignment Rubrics 202505 | F1: Total Mark | G1: =G14+G15 -> 0
D3: Student's name:
A4: Tutor name: | B4: ='Team Rubric'!$B$4 | D4: Programme/Group: | E4: ='Team Rubric'!F4
A6: Assessment Criteria | B6: Developing 1 - 4 Marks | C6: Approaching 5 - 7 Marks | D6: Ideal 8 - 10 Marks | E6: Marks Awarded | F6: Weightage | G6: Weighted Marks
A8: ADT specification | B8: Includes 2 or more of the the items listed under "Approaching". | C8: • Incomplete information OR • Unclear/inaccurate descriptions OR • Includes details of the ADT implementation or entity objects. | D8: • Correct format AND • Complete information AND • Clear & accurate descriptions. | E8: ='Team Rubric'!$E$8 | F8: 1 | G8: =E8*F8 -> 0
A9: Collection ADT Implementation | B9: Includes 2 or more of the the items listed under "Approaching". | C9: • Inconsistent with ADT spec. OR • Implementation is not generic OR • Coding is not efficient or elegant. | D9: • Consistent with ADT spec. AND • Correct use of generic types AND • Efficient & elegant coding. | E9: ='Team Rubric'!$E$9 | F9: 1 | G9: =E9*F9 -> 0
A10: Collection ADT implementation - originality | B10: Does not demonstrate any originality of implementation & application of new knowledge. | C10: • The ADT has not been covered in the course OR • Includes additional/modified operations that are non-trivial and meaningful. | D10: • The ADT is not covered in the course OR • The implementation approach is different from the sample code. | E10: ='Team Rubric'!$E$10 | F10: 1.5 | G10: =E10*F10 -> 0
A11: Use of ADTs - either in entity and/or control class(es) | B11: • Inappropriate selection of ADT AND • Inappropriate use of ADT. | C11: • Appropriate selection of ADT OR • Appropriate use of ADT. | D11: • Appropriate selection of ADT AND • Appropriate use of ADT. | F11: 1.5 | G11: =E11*F11 -> 0
A12: Use of ADTs - creativity & complexity | B12: The functionalities/features in the entity and/or control classes do not demonstrate any use of ADTs. | C12: The functionalities/features in the entity and/or control classes are creatively designed to demonstrate the use of the ADT. | D12: The functionalities/features in the entity and/or control classes are very creatively designed to demonstrate the use of the ADT. | F12: 2 | G12: =E12*F12 -> 0
A13: Overall solution | B13: • There is one or more major bugs AND • Inappropriate use of packages. | C13: • No major bugs BUT • Inappropriate use of packages. | D13: • No major bugs AND • Appropriate use of packages AND • The code is integrated with the team's NetBeans project. | F13: 1.5 | G13: =E13*F13 -> 0
A14: CLO2 Produce a software program using appropriate data structures and algorithms (P4, PLO3) | F14: Subtotal | G14: =sum(G8:G13) -> 0
A15: Oral explanation on the implementation & use of ADTs. | B15: • Unclear explanation about ADT implementation AND • Unclear explanation on the use of ADTs | C15: • Unclear explanation about ADT implementation OR • Unclear explanation on the use of ADTs | D15: • Clear explanation about ADT implementation AND • Clear explanation on the use of ADTs | F15: 1.5 | G15: =E15*F15 -> 0
A16: CLO3 Explain the implementation and appropriateness of data structures for a specific scenario (A4, PLO5).
A18: Comments:

Sheet Student3
A1: ='Team Rubric'!A1 -> BMCS2063 Data Structures and Algorithms - Assignment Rubrics 202505 | F1: Total Mark | G1: =G14+G15 -> 0
D3: Student's name:
A4: Tutor name: | B4: ='Team Rubric'!$B$4 | D4: Programme/Group: | E4: ='Team Rubric'!F4
A6: Assessment Criteria | B6: Developing 1 - 4 Marks | C6: Approaching 5 - 7 Marks | D6: Ideal 8 - 10 Marks | E6: Marks Awarded | F6: Weightage | G6: Weighted Marks
A8: ADT specification | B8: Includes 2 or more of the the items listed under "Approaching". | C8: • Incomplete information OR • Unclear/inaccurate descriptions OR • Includes details of the ADT implementation or entity objects. | D8: • Correct format AND • Complete information AND • Clear & accurate descriptions. | E8: ='Team Rubric'!$E$8 | F8: 1 | G8: =E8*F8 -> 0
A9: Collection ADT Implementation | B9: Includes 2 or more of the the items listed under "Approaching". | C9: • Inconsistent with ADT spec. OR • Implementation is not generic OR • Coding is not efficient or elegant. | D9: • Consistent with ADT spec. AND • Correct use of generic types AND • Efficient & elegant coding. | E9: ='Team Rubric'!$E$9 | F9: 1 | G9: =E9*F9 -> 0
A10: Collection ADT implementation - originality | B10: Does not demonstrate any originality of implementation & application of new knowledge. | C10: • The ADT has not been covered in the course OR • Includes additional/modified operations that are non-trivial and meaningful. | D10: • The ADT is not covered in the course OR • The implementation approach is different from the sample code. | E10: ='Team Rubric'!$E$10 | F10: 1.5 | G10: =E10*F10 -> 0
A11: Use of ADTs - either in entity and/or control class(es) | B11: • Inappropriate selection of ADT AND • Inappropriate use of ADT. | C11: • Appropriate selection of ADT OR • Appropriate use of ADT. | D11: • Appropriate selection of ADT AND • Appropriate use of ADT. | F11: 1.5 | G11: =E11*F11 -> 0
A12: Use of ADTs - creativity & complexity | B12: The functionalities/features in the entity and/or control classes do not demonstrate any use of ADTs. | C12: The functionalities/features in the entity and/or control classes are creatively designed to demonstrate the use of the ADT. | D12: The functionalities/features in the entity and/or control classes are very creatively designed to demonstrate the use of the ADT. | F12: 2 | G12: =E12*F12 -> 0
A13: Overall solution | B13: • There is one or more major bugs AND • Inappropriate use of packages. | C13: • No major bugs BUT • Inappropriate use of packages. | D13: • No major bugs AND • Appropriate use of packages AND • The code is integrated with the team's NetBeans project. | F13: 1.5 | G13: =E13*F13 -> 0
A14: CLO2 Produce a software program using appropriate data structures and algorithms (P4, PLO3) | F14: Subtotal | G14: =sum(G8:G13) -> 0
A15: Oral explanation on the implementation & use of ADTs. | B15: • Unclear explanation about ADT implementation AND • Unclear explanation on the use of ADTs | C15: • Unclear explanation about ADT implementation OR • Unclear explanation on the use of ADTs | D15: • Clear explanation about ADT implementation AND • Clear explanation on the use of ADTs | F15: 1.5 | G15: =E15*F15 -> 0
A16: CLO3 Explain the implementation and appropriateness of data structures for a specific scenario (A4, PLO5).
A18: Comments:

Sheet Student4
A1: ='Team Rubric'!A1 -> BMCS2063 Data Structures and Algorithms - Assignment Rubrics 202505 | F1: Total Mark | G1: =G14+G15 -> 0
D3: Student's name:
A4: Tutor name: | B4: ='Team Rubric'!$B$4 | D4: Programme/Group: | E4: ='Team Rubric'!F4
A6: Assessment Criteria | B6: Developing 1 - 4 Marks | C6: Approaching 5 - 7 Marks | D6: Ideal 8 - 10 Marks | E6: Marks Awarded | F6: Weightage | G6: Weighted Marks
A8: ADT specification | B8: Includes 2 or more of the the items listed under "Approaching". | C8: • Incomplete information OR • Unclear/inaccurate descriptions OR • Includes details of the ADT implementation or entity objects. | D8: • Correct format AND • Complete information AND • Clear & accurate descriptions. | E8: ='Team Rubric'!$E$8 | F8: 1 | G8: =E8*F8 -> 0
A9: Collection ADT Implementation | B9: Includes 2 or more of the the items listed under "Approaching". | C9: • Inconsistent with ADT spec. OR • Implementation is not generic OR • Coding is not efficient or elegant. | D9: • Consistent with ADT spec. AND • Correct use of generic types AND • Efficient & elegant coding. | E9: ='Team Rubric'!$E$9 | F9: 1 | G9: =E9*F9 -> 0
A10: Collection ADT implementation - originality | B10: Does not demonstrate any originality of implementation & application of new knowledge. | C10: • The ADT has not been covered in the course OR • Includes additional/modified operations that are non-trivial and meaningful. | D10: • The ADT is not covered in the course OR • The implementation approach is different from the sample code. | E10: ='Team Rubric'!$E$10 | F10: 1.5 | G10: =E10*F10 -> 0
A11: Use of ADTs - either in entity and/or control class(es) | B11: • Inappropriate selection of ADT AND • Inappropriate use of ADT. | C11: • Appropriate selection of ADT OR • Appropriate use of ADT. | D11: • Appropriate selection of ADT AND • Appropriate use of ADT. | F11: 1.5 | G11: =E11*F11 -> 0
A12: Use of ADTs - creativity & complexity | B12: The functionalities/features in the entity and/or control classes do not demonstrate any use of ADTs. | C12: The functionalities/features in the entity and/or control classes are creatively designed to demonstrate the use of the ADT. | D12: The functionalities/features in the entity and/or control classes are very creatively designed to demonstrate the use of the ADT. | F12: 2 | G12: =E12*F12 -> 0
A13: Overall solution | B13: • There is one or more major bugs AND • Inappropriate use of packages. | C13: • No major bugs BUT • Inappropriate use of packages. | D13: • No major bugs AND • Appropriate use of packages AND • The code is integrated with the team's NetBeans project. | F13: 1.5 | G13: =E13*F13 -> 0
A14: CLO2 Produce a software program using appropriate data structures and algorithms (P4, PLO3) | F14: Subtotal | G14: =sum(G8:G13) -> 0
A15: Oral explanation on the implementation & use of ADTs. | B15: • Unclear explanation about ADT implementation AND • Unclear explanation on the use of ADTs | C15: • Unclear explanation about ADT implementation OR • Unclear explanation on the use of ADTs | D15: • Clear explanation about ADT implementation AND • Clear explanation on the use of ADTs | F15: 1.5 | G15: =E15*F15 -> 0
A16: CLO3 Explain the implementation and appropriateness of data structures for a specific scenario (A4, PLO5).
A18: Comments:

Sheet Student5
A1: ='Team Rubric'!A1 -> BMCS2063 Data Structures and Algorithms - Assignment Rubrics 202505 | F1: Total Mark | G1: =G14+G15 -> 0
D3: Student's name:
A4: Tutor name: | B4: ='Team Rubric'!$B$4 | D4: Programme/Group: | E4: ='Team Rubric'!F4
A6: Assessment Criteria | B6: Developing 1 - 4 Marks | C6: Approaching 5 - 7 Marks | D6: Ideal 8 - 10 Marks | E6: Marks Awarded | F6: Weightage | G6: Weighted Marks
A8: ADT specification | B8: Includes 2 or more of the the items listed under "Approaching". | C8: • Incomplete information OR • Unclear/inaccurate descriptions OR • Includes details of the ADT implementation or entity objects. | D8: • Correct format AND • Complete information AND • Clear & accurate descriptions. | E8: ='Team Rubric'!$E$8 | F8: 1 | G8: =E8*F8 -> 0
A9: Collection ADT Implementation | B9: Includes 2 or more of the the items listed under "Approaching". | C9: • Inconsistent with ADT spec. OR • Implementation is not generic OR • Coding is not efficient or elegant. | D9: • Consistent with ADT spec. AND • Correct use of generic types AND • Efficient & elegant coding. | E9: ='Team Rubric'!$E$9 | F9: 1 | G9: =E9*F9 -> 0
A10: Collection ADT implementation - originality | B10: Does not demonstrate any originality of implementation & application of new knowledge. | C10: • The ADT has not been covered in the course OR • Includes additional/modified operations that are non-trivial and meaningful. | D10: • The ADT is not covered in the course OR • The implementation approach is different from the sample code. | E10: ='Team Rubric'!$E$10 | F10: 1.5 | G10: =E10*F10 -> 0
A11: Use of ADTs - either in entity and/or control class(es) | B11: • Inappropriate selection of ADT AND • Inappropriate use of ADT. | C11: • Appropriate selection of ADT OR • Appropriate use of ADT. | D11: • Appropriate selection of ADT AND • Appropriate use of ADT. | F11: 1.5 | G11: =E11*F11 -> 0
A12: Use of ADTs - creativity & complexity | B12: The functionalities/features in the entity and/or control classes do not demonstrate any use of ADTs. | C12: The functionalities/features in the entity and/or control classes are creatively designed to demonstrate the use of the ADT. | D12: The functionalities/features in the entity and/or control classes are very creatively designed to demonstrate the use of the ADT. | F12: 2 | G12: =E12*F12 -> 0
A13: Overall solution | B13: • There is one or more major bugs AND • Inappropriate use of packages. | C13: • No major bugs BUT • Inappropriate use of packages. | D13: • No major bugs AND • Appropriate use of packages AND • The code is integrated with the team's NetBeans project. | F13: 1.5 | G13: =E13*F13 -> 0
A14: CLO2 Produce a software program using appropriate data structures and algorithms (P4, PLO3) | F14: Subtotal | G14: =sum(G8:G13) -> 0
A15: Oral explanation on the implementation & use of ADTs. | B15: • Unclear explanation about ADT implementation AND • Unclear explanation on the use of ADTs | C15: • Unclear explanation about ADT implementation OR • Unclear explanation on the use of ADTs | D15: • Clear explanation about ADT implementation AND • Clear explanation on the use of ADTs | F15: 1.5 | G15: =E15*F15 -> 0
A16: CLO3 Explain the implementation and appropriateness of data structures for a specific scenario (A4, PLO5).
A18: Comments:
